bound_id,parameter_or_constraint,layer,class_scope,bound_type,observed_low,observed_high,frozen_low,frozen_high,unit,transform_or_relation,evidence_basis,status,notes
R1D-TREF,model reference temperature,MODEL_REFERENCE,PRIMARY_REGIME_MAP,FIXED_MODEL_REFERENCE,323.0,323.0,323.0,323.0,K,,S01 and S05 principal drug-like all-atom evidence are at 323 K,FROZEN_DOCUMENTARY,Used only to convert physical free-energy bounds to dimensionless g; physical kJ/mol bounds remain canonical.
R1D-H,half-domain H,MODEL_STRUCTURAL,ALL_PRIMARY,SOURCE_SUPPORTED_FIXED_DOMAIN,3.0,4.0,4.0,4.0,nm,,"Ulander reaches bulk/reference near 3 nm; Sun 1D, Bennion and S04 provide sampling/reference support out to about 4 nm",FROZEN_DOCUMENTARY,"H is a model integration boundary, not an interface-position bound."
R1D-L,full-domain L=2H,MODEL_STRUCTURAL,ALL_PRIMARY,DERIVED_FIXED,6.0,8.0,8.0,8.0,nm,L=2H,Derived from frozen H=4 nm,FROZEN_DOCUMENTARY,
R1D-G-PROFILE,allowed primary profile free-energy excursion,PROFILE_OBSERVABLE,PRIMARY_NEUTRAL_HYBRID,SOURCE_ENVELOPE_OUTWARD_ROUNDED,-58.435076,33.68793582042604,-60.0,35.0,kJ/mol,,S03 progesterone central-region minimum and S05 2D central barrier,FROZEN_DOCUMENTARY,Final rounded envelope deliberately avoids digitization false precision.
R1D-g-PROFILE,dimensionless primary profile free-energy excursion,PROFILE_OBSERVABLE,PRIMARY_NEUTRAL_HYBRID,DERIVED_FROM_R1D_G_PROFILE,-21.758898475605815,12.544047608826157,-22.34161393982527,13.03260813156474,dimensionless,g=DeltaG/(R*T_ref),R1D-G-PROFILE at T_ref=323 K,FROZEN_DOCUMENTARY,
R1D-G-CHARGED,charged/high-barrier positive control ceiling,SEPARATE_CLASS,CHARGED_HIGH_BARRIER,SEPARATE_SOURCE_ENVELOPE_OUTWARD_ROUNDED,,95.86,,100.0,kJ/mol,,S01 valproate charged central plateau/barrier,FROZEN_SEPARATE_CLASS,Not pooled into the primary neutral/hybrid regime map.
R1D-DBULK,D_bulk absolute scale,PROFILE_OBSERVABLE,PRIMARY_Z_MAPPABLE_DRUG_LIKE,SOURCE_ENVELOPE_OUTWARD_ROUNDED,0.7473,1.190477,0.7,1.2,nm2/ns,,S01 neutral outer/bulk-edge D and S05 1D bulk D,FROZEN_DOCUMENTARY,S04 oxygen absolute D does not expand this drug-like core range.
R1D-DMIN-RATIO,minimum reduced diffusivity d_min=D_min/D_bulk,PROFILE_OBSERVABLE,PRIMARY_NEUTRAL_HYBRID,SOURCE_PLUS_CONTROL,0.1989830054864177,0.143138,0.09,1.0,dimensionless,,"S01 neutral min/bulk, S05 direct ~0.1 tail suppression, S04 orthogonal support ~0.143; upper=constant-D control",FROZEN_DOCUMENTARY,"1.0 is an explicit mathematical control, not a literature extremum."
R1D-ETA,diffusive-suppression coordinate eta=-log10(d_min),REGIME_MAP_AXIS,PRIMARY_NEUTRAL_HYBRID,DERIVED_SOURCE_PLUS_CONTROL,0.0,0.7011840137342147,0.0,1.05,dimensionless,eta=-log10(d_min),Derived from R1D-DMIN-RATIO,FROZEN_DOCUMENTARY,
R1D-MU-G-CENTER,mu_G_center,BASIS_GEOMETRY,PRIMARY,STRUCTURAL_FIXED,0.0,0.0,0.0,0.0,nm,,Selected symmetric Gaussian architecture,FROZEN_DOCUMENTARY,
R1D-MU-G-INNER,mu_G_inner,BASIS_GEOMETRY,PRIMARY,ROLE_ZONE_UNION_OUTWARD_ROUNDED,0.86,1.4706535452939695,0.8,1.5,nm,,Union of S03 central-basin minimum and S01/S05 inner/tail energetic anchors,FROZEN_DOCUMENTARY,"This is an architectural union of distinct role zones, not a claim of one universal physical interface."
R1D-MU-G-OUTER,mu_G_outer,BASIS_GEOMETRY,PRIMARY,SOURCE_ZONE_OUTWARD_ROUNDED,1.795955,2.221884247470925,1.75,2.25,nm,,S01/S05 outer/interface energetic peaks,FROZEN_DOCUMENTARY,
R1D-MU-D-CENTER,mu_D_center,BASIS_GEOMETRY,PRIMARY,STRUCTURAL_FIXED,0.0,0.0,0.0,0.0,nm,,Selected symmetric Gaussian architecture,FROZEN_DOCUMENTARY,
R1D-MU-D-INNER,mu_D_inner,BASIS_GEOMETRY,PRIMARY,PRIMARY_SOURCE_ZONE_OUTWARD_ROUNDED,1.6,2.363845,1.5,1.9,nm,,"S05 1D D minimum, S04 D_perp support, S01 neutral inner D maximum",FROZEN_DOCUMENTARY,
R1D-MU-D-OUTER,mu_D_outer,BASIS_GEOMETRY,PRIMARY,STRUCTURAL_WITH_SEPARATE_CLASS_SUPPORT,2.052735,2.363845,2.0,2.4,nm,,S01 charged tail minimum (~2.05 nm) and neutral tail minimum (~2.36 nm),FROZEN_DOCUMENTARY,Charged evidence informs geometric location only; not free-energy class pooling.
R1D-SIGMA-G-CENTER,sigma_G_center,BASIS_GEOMETRY,PRIMARY,WIDTH_MAPPING_OUTWARD_ROUNDED,0.5907839976713446,0.6633576961841555,0.55,0.7,nm,,S05 central and S01 hybrid-central half-prominence widths divided by 2*sqrt(2 ln2),FROZEN_DOCUMENTARY,
R1D-SIGMA-G-INNER,sigma_G_inner,BASIS_GEOMETRY,PRIMARY,STRUCTURAL_INTERPOLATION_WITHIN_ENERGETIC_WIDTH_ENVELOPE,0.2385170688759783,0.6633576961841555,0.23,0.7,nm,,No direct inner-well width anchor; range spans supported energetic feature scales from S04 outer support to core central widths,FROZEN_DOCUMENTARY,"Explicit model-structural interpolation, not a direct literature measurement of inner-well width."
R1D-SIGMA-G-OUTER,sigma_G_outer,BASIS_GEOMETRY,PRIMARY,SOURCE_PLUS_ORTHOGONAL_SUPPORT_OUTWARD_ROUNDED,0.2385170688759783,0.3155638162534129,0.23,0.35,nm,,S01 hybrid outer width plus S04 orthogonal headgroup width support,FROZEN_DOCUMENTARY,
R1D-SIGMA-D,common sigma range for D role slots,BASIS_GEOMETRY,PRIMARY,CORE_PLUS_ORTHOGONAL_SUPPORT_OUTWARD_ROUNDED,0.160184199624983,0.7520190821273122,0.15,0.8,nm,,S05 and S01 core D-extremum widths; S04 D_perp provides broad orthogonal support,FROZEN_DOCUMENTARY,"Applied independently to D_CENTER, D_INNER_OFFCENTER and D_OUTER_OFFCENTER in the feasibility stage."
R1D-A-COEFF,raw signed Gaussian coefficients a_j for g,SAMPLER_COEFFICIENT,PRIMARY,FEASIBILITY_VALIDATED_PRODUCTION_BOX,-22.34161393982527,13.03260813156474,-16.756210454869,9.774456098674,dimensionless,,0.75-scaled R1_D1 proposal; selected after deterministic Coaraci feasibility audit.,FROZEN_PRODUCTION_WITH_MANDATORY_PROFILE_FILTER,P5_A075_B_NONPOSITIVE075 validated in R1_D2A and enlarged R1_D2B audit; full-profile g(z) envelope remains mandatory.
R1D-B-COEFF,raw signed Gaussian coefficients b_j for log d,SAMPLER_COEFFICIENT,PRIMARY,FEASIBILITY_VALIDATED_NONPOSITIVE_PRODUCTION_BOX,-2.407945608651872,2.407945608651872,-1.805959206489,0.000000000000,dimensionless,,0.75*ln(0.09) to 0; sign restriction selected by deterministic Coaraci feasibility audit.,FROZEN_PRODUCTION_WITH_MANDATORY_PROFILE_FILTER,Nonpositive log-d coefficients selected after Coaraci audit; accepted profiles must satisfy 0.09 <= d(z) <= 1 everywhere.
