sobol_column_base0,csv_field,symbol,profile,unit,low,high,transform,bound_id,numeric_authority,evidence_basis,notes
0,a_center,a_c,g,dimensionless,-16.756210454868953,9.774456098673554,low+(high-low)*u_j,R1D-A-COEFF,config/r1d2b_production_coefficient_policy.yaml,0.75-scaled R1_D1 proposal; selected after deterministic Coaraci feasibility audit.,P5_A075_B_NONPOSITIVE075 validated in R1_D2A and enlarged R1_D2B audit; full-profile g(z) envelope remains mandatory.
1,a_inner,a_i,g,dimensionless,-16.756210454868953,9.774456098673554,low+(high-low)*u_j,R1D-A-COEFF,config/r1d2b_production_coefficient_policy.yaml,0.75-scaled R1_D1 proposal; selected after deterministic Coaraci feasibility audit.,P5_A075_B_NONPOSITIVE075 validated in R1_D2A and enlarged R1_D2B audit; full-profile g(z) envelope remains mandatory.
2,a_outer,a_o,g,dimensionless,-16.756210454868953,9.774456098673554,low+(high-low)*u_j,R1D-A-COEFF,config/r1d2b_production_coefficient_policy.yaml,0.75-scaled R1_D1 proposal; selected after deterministic Coaraci feasibility audit.,P5_A075_B_NONPOSITIVE075 validated in R1_D2A and enlarged R1_D2B audit; full-profile g(z) envelope remains mandatory.
3,mu_g_inner_nm,mu_G_i,g,nm,0.8,1.5,low+(high-low)*u_j,R1D-MU-G-INNER,data/literature/literature_bounds.csv,Union of S03 central-basin minimum and S01/S05 inner/tail energetic anchors,"This is an architectural union of distinct role zones, not a claim of one universal physical interface."
4,mu_g_outer_nm,mu_G_o,g,nm,1.75,2.25,low+(high-low)*u_j,R1D-MU-G-OUTER,data/literature/literature_bounds.csv,S01/S05 outer/interface energetic peaks,
5,sigma_g_center_nm,sigma_G_c,g,nm,0.55,0.7,low+(high-low)*u_j,R1D-SIGMA-G-CENTER,data/literature/literature_bounds.csv,S05 central and S01 hybrid-central half-prominence widths divided by 2*sqrt(2 ln2),
6,sigma_g_inner_nm,sigma_G_i,g,nm,0.23,0.7,low+(high-low)*u_j,R1D-SIGMA-G-INNER,data/literature/literature_bounds.csv,No direct inner-well width anchor; range spans supported energetic feature scales from S04 outer support to core central widths,"Explicit model-structural interpolation, not a direct literature measurement of inner-well width."
7,sigma_g_outer_nm,sigma_G_o,g,nm,0.23,0.35,low+(high-low)*u_j,R1D-SIGMA-G-OUTER,data/literature/literature_bounds.csv,S01 hybrid outer width plus S04 orthogonal headgroup width support,
8,b_center,b_c,log_d,dimensionless,-1.8059592064889038,0.0,low+(high-low)*u_j,R1D-B-COEFF,config/r1d2b_production_coefficient_policy.yaml,0.75*ln(0.09) to 0; sign restriction selected by deterministic Coaraci feasibility audit.,Nonpositive log-d coefficients selected after Coaraci audit; accepted profiles must satisfy 0.09 <= d(z) <= 1 everywhere.
9,b_inner,b_i,log_d,dimensionless,-1.8059592064889038,0.0,low+(high-low)*u_j,R1D-B-COEFF,config/r1d2b_production_coefficient_policy.yaml,0.75*ln(0.09) to 0; sign restriction selected by deterministic Coaraci feasibility audit.,Nonpositive log-d coefficients selected after Coaraci audit; accepted profiles must satisfy 0.09 <= d(z) <= 1 everywhere.
10,b_outer,b_o,log_d,dimensionless,-1.8059592064889038,0.0,low+(high-low)*u_j,R1D-B-COEFF,config/r1d2b_production_coefficient_policy.yaml,0.75*ln(0.09) to 0; sign restriction selected by deterministic Coaraci feasibility audit.,Nonpositive log-d coefficients selected after Coaraci audit; accepted profiles must satisfy 0.09 <= d(z) <= 1 everywhere.
11,mu_d_inner_nm,mu_D_i,log_d,nm,1.5,1.9,low+(high-low)*u_j,R1D-MU-D-INNER,data/literature/literature_bounds.csv,"S05 1D D minimum, S04 D_perp support, S01 neutral inner D maximum",
12,mu_d_outer_nm,mu_D_o,log_d,nm,2.0,2.4,low+(high-low)*u_j,R1D-MU-D-OUTER,data/literature/literature_bounds.csv,S01 charged tail minimum (~2.05 nm) and neutral tail minimum (~2.36 nm),Charged evidence informs geometric location only; not free-energy class pooling.
13,sigma_d_center_nm,sigma_D_c,log_d,nm,0.15,0.8,low+(high-low)*u_j,R1D-SIGMA-D,data/literature/literature_bounds.csv,S05 and S01 core D-extremum widths; S04 D_perp provides broad orthogonal support,"Applied independently to D_CENTER, D_INNER_OFFCENTER and D_OUTER_OFFCENTER in the feasibility stage."
14,sigma_d_inner_nm,sigma_D_i,log_d,nm,0.15,0.8,low+(high-low)*u_j,R1D-SIGMA-D,data/literature/literature_bounds.csv,S05 and S01 core D-extremum widths; S04 D_perp provides broad orthogonal support,"Applied independently to D_CENTER, D_INNER_OFFCENTER and D_OUTER_OFFCENTER in the feasibility stage."
15,sigma_d_outer_nm,sigma_D_o,log_d,nm,0.15,0.8,low+(high-low)*u_j,R1D-SIGMA-D,data/literature/literature_bounds.csv,S05 and S01 core D-extremum widths; S04 D_perp provides broad orthogonal support,"Applied independently to D_CENTER, D_INNER_OFFCENTER and D_OUTER_OFFCENTER in the feasibility stage."
16,D_bulk_nm2_ns,D_bulk,D,nm2/ns,0.7,1.2,low+(high-low)*u_j,R1D-DBULK,data/literature/literature_bounds.csv,S01 neutral outer/bulk-edge D and S05 1D bulk D,S04 oxygen absolute D does not expand this drug-like core range.
